HomeOrAway,Sport
Home,Basketball
Home,Basketball
Home,Basketball
Home,Basketball
Home,Basketball
Home,Basketball
Home,Basketball
Home,Basketball
Home,Basketball
Home,Basketball
Home,Basketball
Home,Basketball
Home,Basketball
Home,Basketball
Home,Basketball
Home,Basketball
Home,Basketball
Home,Basketball
Home,Basketball
Home,Basketball
Home,Basketball
Home,Basketball
Home,Basketball
Home,Basketball
Home,Basketball
Home,Basketball
Home,Basketball
Home,Basketball
Home,Basketball
Home,Basketball
Home,Basketball
Home,Basketball
Home,Basketball
Home,Basketball
Home,Basketball
Home,Basketball
Home,Basketball
Home,Basketball
Home,Basketball
Home,Basketball
Home,Basketball
Home,Basketball
Home,Basketball
Home,Basketball
Home,Basketball
Home,Basketball
Home,Basketball
Home,Basketball
Home,Basketball
Home,Basketball
Home,Basketball
Home,Basketball
Home,Basketball
Home,Basketball
Home,Basketball
Home,Basketball
Home,Basketball
Home,Basketball
Home,Basketball
Home,Basketball
Home,Basketball
Home,Basketball
Home,Basketball
Home,Basketball
Home,Basketball
Home,Basketball
Home,Basketball
Home,Basketball
Home,Basketball
Home,Basketball
Home,Basketball
Home,Basketball
Home,Basketball
Home,Basketball
Home,Basketball
Home,Basketball
Home,Basketball
Home,Basketball
Home,Basketball
Home,Basketball
Home,Basketball
Home,Basketball
Home,Basketball
Home,Basketball
Home,Basketball
Home,Basketball
Home,Basketball
Home,Basketball
Home,Basketball
Home,Basketball
Home,Basketball
Home,Basketball
Home,Basketball
Home,Basketball
Home,Basketball
Home,Basketball
Home,Basketball
Home,Basketball
Home,Basketball
Home,Basketball
Home,Basketball
Home,Basketball
Home,Basketball
Home,Basketball
Home,Basketball
Home,Basketball
Home,Basketball
Home,Basketball
Home,Basketball
Home,Basketball
Home,Basketball
Home,Basketball
Home,Basketball
Home,Basketball
Home,Basketball
Home,Basketball
Home,Basketball
Home,Basketball
Home,Basketball
Home,Basketball
Home,Basketball
Home,Basketball
Home,Basketball
Home,Basketball
Home,Basketball
Home,Basketball
Home,Basketball
Home,Baseball
Home,Baseball
Home,Baseball
Home,Baseball
Home,Baseball
Home,Baseball
Home,Baseball
Home,Baseball
Home,Baseball
Home,Baseball
Home,Baseball
Home,Baseball
Home,Baseball
Home,Baseball
Home,Baseball
Home,Baseball
Home,Baseball
Home,Baseball
Home,Baseball
Home,Baseball
Home,Baseball
Home,Baseball
Home,Baseball
Home,Baseball
Home,Baseball
Home,Baseball
Home,Baseball
Home,Baseball
Home,Baseball
Home,Baseball
Home,Baseball
Home,Baseball
Home,Baseball
Home,Baseball
Home,Baseball
Home,Baseball
Home,Baseball
Home,Baseball
Home,Baseball
Home,Baseball
Home,Baseball
Home,Baseball
Home,Baseball
Home,Baseball
Home,Baseball
Home,Baseball
Home,Baseball
Home,Baseball
Home,Baseball
Home,Baseball
Home,Baseball
Home,Baseball
Home,Baseball
Home,Hockey
Home,Hockey
Home,Hockey
Home,Hockey
Home,Hockey
Home,Hockey
Home,Hockey
Home,Hockey
Home,Hockey
Home,Hockey
Home,Hockey
Home,Hockey
Home,Hockey
Home,Hockey
Home,Hockey
Home,Hockey
Home,Hockey
Home,Hockey
Home,Hockey
Home,Hockey
Home,Hockey
Home,Hockey
Home,Hockey
Home,Hockey
Home,Hockey
Home,Hockey
Home,Hockey
Home,Hockey
Home,Hockey
Home,Hockey
Home,Hockey
Home,Hockey
Home,Hockey
Home,Hockey
Home,Hockey
Home,Hockey
Home,Hockey
Home,Hockey
Home,Hockey
Home,Hockey
Home,Hockey
Home,Hockey
Home,Hockey
Home,Hockey
Home,Hockey
Home,Hockey
Home,Hockey
Home,Hockey
Home,Hockey
Home,Hockey
Home,Football
Home,Football
Home,Football
Home,Football
Home,Football
Home,Football
Home,Football
Home,Football
Home,Football
Home,Football
Home,Football
Home,Football
Home,Football
Home,Football
Home,Football
Home,Football
Home,Football
Home,Football
Home,Football
Home,Football
Home,Football
Home,Football
Home,Football
Home,Football
Home,Football
Home,Football
Home,Football
Home,Football
Home,Football
Home,Football
Home,Football
Home,Football
Home,Football
Home,Football
Home,Football
Home,Football
Home,Football
Home,Football
Home,Football
Home,Football
Home,Football
Home,Football
Home,Football
Home,Football
Home,Football
Home,Football
Home,Football
Home,Football
Home,Football
Home,Football
Home,Football
Home,Football
Home,Football
Home,Football
Home,Football
Home,Football
Home,Football
Away,Basketball
Away,Basketball
Away,Basketball
Away,Basketball
Away,Basketball
Away,Basketball
Away,Basketball
Away,Basketball
Away,Basketball
Away,Basketball
Away,Basketball
Away,Basketball
Away,Basketball
Away,Basketball
Away,Basketball
Away,Basketball
Away,Basketball
Away,Basketball
Away,Basketball
Away,Basketball
Away,Basketball
Away,Basketball
Away,Basketball
Away,Basketball
Away,Basketball
Away,Basketball
Away,Basketball
Away,Basketball
Away,Basketball
Away,Basketball
Away,Basketball
Away,Basketball
Away,Basketball
Away,Basketball
Away,Basketball
Away,Basketball
Away,Basketball
Away,Basketball
Away,Basketball
Away,Basketball
Away,Basketball
Away,Baseball
Away,Baseball
Away,Baseball
Away,Baseball
Away,Baseball
Away,Baseball
Away,Baseball
Away,Baseball
Away,Baseball
Away,Baseball
Away,Baseball
Away,Baseball
Away,Baseball
Away,Baseball
Away,Baseball
Away,Baseball
Away,Baseball
Away,Baseball
Away,Baseball
Away,Baseball
Away,Baseball
Away,Baseball
Away,Baseball
Away,Baseball
Away,Baseball
Away,Baseball
Away,Baseball
Away,Baseball
Away,Baseball
Away,Baseball
Away,Baseball
Away,Baseball
Away,Baseball
Away,Baseball
Away,Baseball
Away,Baseball
Away,Baseball
Away,Baseball
Away,Baseball
Away,Baseball
Away,Baseball
Away,Baseball
Away,Baseball
Away,Baseball
Away,Baseball
Away,Baseball
Away,Baseball
Away,Hockey
Away,Hockey
Away,Hockey
Away,Hockey
Away,Hockey
Away,Hockey
Away,Hockey
Away,Hockey
Away,Hockey
Away,Hockey
Away,Hockey
Away,Hockey
Away,Hockey
Away,Hockey
Away,Hockey
Away,Hockey
Away,Hockey
Away,Hockey
Away,Hockey
Away,Hockey
Away,Hockey
Away,Hockey
Away,Hockey
Away,Hockey
Away,Hockey
Away,Hockey
Away,Hockey
Away,Hockey
Away,Hockey
Away,Hockey
Away,Hockey
Away,Hockey
Away,Hockey
Away,Hockey
Away,Hockey
Away,Hockey
Away,Hockey
Away,Hockey
Away,Hockey
Away,Hockey
Away,Hockey
Away,Hockey
Away,Hockey
Away,Football
Away,Football
Away,Football
Away,Football
Away,Football
Away,Football
Away,Football
Away,Football
Away,Football
Away,Football
Away,Football
Away,Football
Away,Football
Away,Football
Away,Football
Away,Football
Away,Football
Away,Football
Away,Football
Away,Football
Away,Football
Away,Football
Away,Football
Away,Football
Away,Football
Away,Football
Away,Football
Away,Football
Away,Football
Away,Football
Away,Football
Away,Football
Away,Football
Away,Football
Away,Football
Away,Football
Away,Football
Away,Football
Away,Football
Away,Football
Away,Football
Away,Football